submitted_at,name,address,phone,email,age,gender
submitted_at,이순신,한산도,010-1111-1111,lee@sunsin.com,35,남
submitted_at,이순신2,한산도,010-1111-1111,lee@sunsin.com,35,남
submitted_at,이순신23,한산도,010-1111-1111,lee@sunsin.com,35,남
submitted_at,이순신,한산도,010-1111-1111,lee@sunsin.com,35,남
submitted_at,이순신,한산도,010-1111-1111,lee@sunsin.com,35,남
submitted_at,이순신,한산도,010-1111-1111,lee@sunsin.com,35,남
submitted_at,이순신,한산도,010-1111-1111,lee@sunsin.com,35,남
submitted_at,이순신,한산도,010-1111-1111,lee@sunsin.com,35,남
submitted_at,이순신,한산도,010-1111-1111,lee@sunsin.com,35,남
submitted_at,이순신,한산도,010-1111-1111,lee@sunsin.com,35,남
submitted_at,이순신,한산도,010-1111-1111,lee@sunsin.com,35,남
submitted_at,이순신,한산도,010-1111-1111,lee@sunsin.com,35,남
submitted_at,이순신,한산도,010-1111-1111,lee@sunsin.com,35,남
submitted_at,이순신,한산도,010-1111-1111,lee@sunsin.com,35,남
submitted_at,이순신,한산도,010-1111-1111,lee@sunsin.com,35,남
submitted_at,이순신,한산도,010-1111-1111,lee@sunsin.com,35,남
